{
  "config_type": "BaseConfig",
  "dependencies": {
    "avrdude_binary": {
      "cloud_storage_base_folder": "binary_dependencies/battor",
      "cloud_storage_bucket": "chromium-telemetry",
      "file_info": {
        "darwin_x86_64": {
          "cloud_storage_hash": "6de6324c279ea75c79c68cab4c2ddcc68da1b286",
          "download_path": "../bin/darwin/x86_64/avrdude",
          "local_paths": [
            "../bin/override/avrdude"
          ]
        },
        "linux2_x86_64": {
          "cloud_storage_hash": "db29526605f6f95a75ab33f4060b8c330152de69",
          "download_path": "../bin/linux2/x86_64/avrdude",
          "local_paths": [
            "../bin/override/avrdude"
          ]
        },
        "win32_AMD64": {
          "cloud_storage_hash": "517aa73b093e254007076cf5ac7afb94151df2ed",
          "download_path": "../bin/win/x86_64/avrdude.exe",
          "local_paths": [
            "../bin/override/avrdude.exe"
          ]
        },
        "win32_x86": {
          "cloud_storage_hash": "517aa73b093e254007076cf5ac7afb94151df2ed",
          "download_path": "../bin/win/x86_64/avrdude.exe",
          "local_paths": [
            "../bin/override/avrdude.exe"
          ]
        },
        "win_AMD64": {
          "cloud_storage_hash": "517aa73b093e254007076cf5ac7afb94151df2ed",
          "download_path": "../bin/win/x86_64/avrdude.exe",
          "local_paths": [
            "../bin/override/avrdude.exe"
          ]
        }
      }
    },
    "avrdude_config": {
      "cloud_storage_base_folder": "binary_dependencies/battor",
      "cloud_storage_bucket": "chromium-telemetry",
      "file_info": {
        "default": {
          "cloud_storage_hash": "ccdfa12743429b8b92b61a20163d6311ab55a4fa",
          "download_path": "../bin/battor/avrdude.conf",
          "local_paths": [
            "../bin/override/avrdude.conf"
          ]
        }
      }
    },
    "battor_agent_binary": {
      "cloud_storage_base_folder": "binary_dependencies/battor",
      "cloud_storage_bucket": "chromium-telemetry",
      "file_info": {
        "darwin_x86_64": {
          "cloud_storage_hash": "276b3507a1c617c01734d85a2133ed200f2a477b",
          "download_path": "../bin/darwin/x86_64/battor_agent",
          "local_paths": [
            "../bin/override/battor_agent"
          ]
        },
        "linux2_x86_64": {
          "cloud_storage_hash": "582cfe85971ca84aa75cf078bafb737d0cbdfb31",
          "download_path": "../bin/linux2/x86_64/battor_agent",
          "local_paths": [
            "../bin/override/battor_agent"
          ]
        },
        "win32_AMD64": {
          "cloud_storage_hash": "609c5f79a03b347ddbfd6e544d229a56851c0f66",
          "download_path": "../bin/win/AMD64/battor_agent.exe",
          "local_paths": [
            "../bin/override/battor_agent.exe"
          ]
        },
        "win32_x86": {
          "cloud_storage_hash": "609c5f79a03b347ddbfd6e544d229a56851c0f66",
          "download_path": "../bin/win/x86_64/battor_agent.exe",
          "local_paths": [
            "../bin/override/battor_agent.exe"
          ]
        },
        "win_AMD64": {
          "cloud_storage_hash": "609c5f79a03b347ddbfd6e544d229a56851c0f66",
          "download_path": "../bin/win/AMD64/battor_agent.exe",
          "local_paths": [
            "../bin/override/battor_agent.exe"
          ]
        }
      }
    },
    "battor_firmware": {
      "cloud_storage_base_folder": "binary_dependencies/battor",
      "cloud_storage_bucket": "chromium-telemetry",
      "file_info": {
        "default": {
          "cloud_storage_hash": "da987f879c341bf2f928dc0f65cc6477c2d32bbc",
          "download_path": "../bin/battor/battor_firmware.hex",
          "local_paths": [
            "../bin/override/battor_firmware.hex"
          ],
          "version_in_cs": "3c3ce4d"
        }
      }
    }
  }
}
