{
  "config_type": "BaseConfig",
  "dependencies": {
    "chrome_canary": {
      "cloud_storage_base_folder": "binary_dependencies",
      "cloud_storage_bucket": "chrome-telemetry",
      "file_info": {
        "mac_x86_64": {
          "cloud_storage_hash": "ab33866d00fb0c9d6543c20a21da5f047ba6a7b6",
          "download_path": "bin/reference_builds/chrome-mac64.zip",
          "path_within_archive": "chrome-mac/Google Chrome.app/Contents/MacOS/Google Chrome",
          "version_in_cs": "58.0.3004.0"
        },
        "win_AMD64": {
          "cloud_storage_hash": "2348f9bcf421fa4739493a12b4c8e3210a528d84",
          "download_path": "bin\\reference_build\\chrome-win64-pgo.zip",
          "path_within_archive": "chrome-win64-pgo\\chrome.exe",
          "version_in_cs": "58.0.3004.0"
        },
        "win_x86": {
          "cloud_storage_hash": "421c59cfbc02bee9b74f68869af3a930b5988e71",
          "download_path": "bin\\reference_build\\chrome-win32-pgo.zip",
          "path_within_archive": "chrome-win32-pgo\\chrome.exe",
          "version_in_cs": "58.0.3004.0"
        }
      }
    },
    "chrome_dev": {
      "cloud_storage_base_folder": "binary_dependencies",
      "cloud_storage_bucket": "chrome-telemetry",
      "file_info": {
        "linux_x86_64": {
          "cloud_storage_hash": "d61c3c5a81dc5e0a896589ab3d72a253e4b9cc90",
          "download_path": "bin/reference_build/chrome-linux64.zip",
          "path_within_archive": "chrome-precise64/chrome",
          "version_in_cs": "58.0.3000.4"
        }
      }
    },
    "chrome_stable": {
      "cloud_storage_base_folder": "binary_dependencies",
      "cloud_storage_bucket": "chrome-telemetry",
      "file_info": {
        "android_k_armeabi-v7a": {
          "cloud_storage_hash": "2f0629a395974793c3a25e6c2dc971487742bd49",
          "download_path": "bin/reference_build/android_k_armeabi-v7a/ChromeStable.apk",
          "version_in_cs": "56.0.2924.87"
        },
        "android_l_arm64-v8a": {
          "cloud_storage_hash": "03306b04e49ed3b0c4c29da84a128d76659624f2",
          "download_path": "bin/reference_build/android_l_arm64-v8a/ChromeStable.apk",
          "version_in_cs": "56.0.2924.87"
        },
        "android_l_armeabi-v7a": {
          "cloud_storage_hash": "2f0629a395974793c3a25e6c2dc971487742bd49",
          "download_path": "bin/reference_build/android_l_armeabi-v7a/ChromeStable.apk",
          "version_in_cs": "56.0.2924.87"
        },
        "linux_x86_64": {
          "cloud_storage_hash": "07dd594d89c8350978ed368b55204d7ee3641001",
          "download_path": "bin/reference_build/chrome-linux64.zip",
          "path_within_archive": "chrome-precise64/chrome",
          "version_in_cs": "56.0.2924.87"
        },
        "mac_x86_64": {
          "cloud_storage_hash": "e2e1ac31913ab6976084375540e17bbaa2401820",
          "download_path": "bin/reference_builds/chrome-mac64.zip",
          "path_within_archive": "chrome-mac/Google Chrome.app/Contents/MacOS/Google Chrome",
          "version_in_cs": "56.0.2924.87"
        },
        "win_AMD64": {
          "cloud_storage_hash": "d6624303bceff81503db78c4ad17d1ebd1af7b68",
          "download_path": "bin\\reference_build\\chrome-win64-pgo.zip",
          "path_within_archive": "chrome-win64-pgo\\chrome.exe",
          "version_in_cs": "56.0.2924.87"
        },
        "win_x86": {
          "cloud_storage_hash": "2b89d4571eeac4d80d4a1fac7c92db3f7e0bd565",
          "download_path": "bin\\reference_build\\chrome-win32-pgo.zip",
          "path_within_archive": "chrome-win32-pgo\\chrome.exe",
          "version_in_cs": "56.0.2924.87"
        }
      }
    }
  }
}