{
  "config_type": "BaseConfig",
  "dependencies": {
    "node": {
      "cloud_storage_base_folder": "binary_dependencies",
      "cloud_storage_bucket": "chromium-telemetry",
      "file_info": {
        "linux_x86_64": {
          "cloud_storage_hash": "5750e968975e7f5ab8cb694f5e92a34a890e129d",
          "download_path": "bin/node/node-linux64.zip",
          "path_within_archive": "node-v6.7.0-linux-x64/bin/node",
          "version_in_cs": "6.7.0"
        },
        "mac_x86_64": {
          "cloud_storage_hash": "1af7c221e530165af8a6ab8ff7ccb1f2dd54036d",
          "download_path": "bin/node/node-mac64.zip",
          "path_within_archive": "node-v6.7.0-darwin-x64/bin/node",
          "version_in_cs": "6.7.0"
        },
        "win_AMD64": {
          "cloud_storage_hash": "23f21bfb2edf874a8b6bdb6c1acb408bc7edeced",
          "download_path": "bin/node/node-win64.zip",
          "path_within_archive": "node-v6.7.0-win-x64/node.exe",
          "version_in_cs": "6.7.0"
        }
      }
    },
    "npm": {
      "cloud_storage_base_folder": "binary_dependencies",
      "cloud_storage_bucket": "chromium-telemetry",
      "file_info": {
        "linux_x86_64": {
          "cloud_storage_hash": "5750e968975e7f5ab8cb694f5e92a34a890e129d",
          "download_path": "bin/node/node-linux64.zip",
          "path_within_archive": "node-v6.7.0-linux-x64/lib/node_modules/npm/bin/npm-cli.js",
          "version_in_cs": "6.7.0"
        },
        "mac_x86_64": {
          "cloud_storage_hash": "1af7c221e530165af8a6ab8ff7ccb1f2dd54036d",
          "download_path": "bin/node/node-mac64.zip",
          "path_within_archive": "node-v6.7.0-darwin-x64/lib/node_modules/npm/bin/npm-cli.js",
          "version_in_cs": "6.7.0"
        },
        "win_AMD64": {
          "cloud_storage_hash": "23f21bfb2edf874a8b6bdb6c1acb408bc7edeced",
          "download_path": "bin/node/node-win64.zip",
          "path_within_archive": "node-v6.7.0-win-x64\\node_modules\\npm\\bin\\npm-cli.js",
          "version_in_cs": "6.7.0"
        }
      }
    }
  }
}
